"","ambiguous","ambigAbsent","extraState","inapplicable"
"ambiguous",496,510,541,510
"ambiguous",496,510,541,510
"ambigAbsent",499,507,537,508
"ambigAbsent",499,507,537,508
"ambigAbsent",499,507,537,508
"extraState",500,508,537,508
"extraState",500,508,537,508
"extraState",500,508,537,508
"extraState",499,507,537,508
"extraState",500,508,537,508
"extraState",500,508,537,508
"extraState",500,508,537,508
"extraState",500,508,537,508
"extraState",500,508,537,508
"extraState",500,508,537,508
"extraState",500,508,537,508
"extraState",500,508,537,508
"extraState",499,507,537,508
"extraState",500,508,537,508
"extraState",499,507,537,508
"extraState",500,508,537,508
"extraState",500,508,537,508
"inapplicable",500,508,537,508
"inapplicable",500,508,537,508
"inapplicable",500,508,537,508
"inapplicable",500,508,537,508
"inapplicable",500,508,537,508
"inapplicable",498,508,539,508
"inapplicable",498,508,539,508
"inapplicable",497,508,539,508
"inapplicable",498,508,539,508
"inapplicable",498,508,539,508
"inapplicable",500,508,537,508
"inapplicable",498,508,539,508
"inapplicable",500,508,537,508
"inapplicable",500,508,537,508
"inapplicable",500,508,537,508
"inapplicable",500,508,537,508
"inapplicable",500,508,537,508
"inapplicable",498,508,539,508
"inapplicable",498,508,539,508
"inapplicable",497,508,539,508
"inapplicable",498,508,539,508
"inapplicable",498,508,539,508
"inapplicable",498,508,539,508
"inapplicable",498,508,539,508
"inapplicable",499,507,537,508
"inapplicable",500,508,537,508
"inapplicable",500,508,537,508
"inapplicable",499,507,537,508
"inapplicable",500,508,537,508
